x,y,z
1.0,0.0,8.999399123799748e-05
0.96875,0.0,8.718570881606412e-05
0.9804828204158901,0.01897395216934393,8.825806088275039e-05
0.9990133642141358,0.03139525976465669,8.994953033451483e-05
0.9526584163005309,0.01590168734903875,8.574933500343764e-05
0.9644214429930684,0.03445626760075644,8.685020843844731e-05
0.9755020772962286,0.05540986975345811,8.793334864415169e-05
0.9980267284282716,0.06279051952931337,8.999415833883937e-05
0.9375,0.0,8.437112351245208e-05
0.9353468374617522,0.02942760629732203,8.421618888805137e-05
0.90625,0.0,8.155069399884467e-05
0.9394994109712607,0.05864021067547411,8.471525595915927e-05
0.9666243606494813,0.07738758680674052,8.72701375569516e-05
0.9950707148713747,0.09406187654680881,8.994992127090898e-05
0.902819534292857,0.04069152814482464,8.1327771892447e-05
0.9108743664734655,0.07068448316507447,8.222103163040832e-05
0.9333895185287949,0.084157143589047,8.433948619310067e-05
0.9489935361140087,0.1052512016664919,8.592676326204217e-05
0.9740212092104666,0.1078475037132699,8.819200781962675e-05
0.9921147013144779,0.1253332335643043,8.999489043349717e-05
0.875,0.0,7.874850670336358e-05
0.883891831955194,0.0237763705523421,7.957020037964037e-05
0.8871779579468492,0.06286064923779251,8.003703667237558e-05
0.8640448924418456,0.05350151280737321,7.790498573932922e-05
0.8585362624605937,0.0249911000556397,7.72941946291399e-05
0.84375,0.0,7.592888461426631e-05
0.8958751360419108,0.09787787866408526,8.110168849363695e-05
0.9199419935625973,0.1195197073001761,8.348279808388435e-05
0.9411396627884063,0.1259698432183759,8.545695187472823e-05
0.9611638384079007,0.1354555073875164,8.735426237397699e-05
0.9872009760215833,0.1563572740750144,8.9949588091098e-05
0.8711637830460583,0.08199904929184275,7.874557591231102e-05
0.8686259044130511,0.1157714298002062,7.885972599145066e-05
0.8928528545104198,0.1229704410848852,8.111143617686545e-05
0.9013485125655745,0.1467736902056926,8.218551807024609e-05
0.9318414365803133,0.1496193025383695,8.493113450994085e-05
0.9575037847521071,0.1653123785507326,8.744465868340021e-05
0.9822872507286887,0.1873813145857246,8.999700115388256e-05
0.8420395207761402,0.07818256709596592,7.610477159319372e-05
0.8414966445850982,0.05554813676364083,7.589494573986477e-05
0.8313862793247828,0.03528998617355275,7.488182055954649e-05
0.8125,0.0,7.311099238185999e-05
0.8543740263053979,0.09709021996889472,7.738602018790856e-05
0.8364132660847756,0.1107668590338029,7.592793534906055e-05
0.8409354768972025,0.1408683548667183,7.673217975709934e-05
0.8707611822237944,0.148300499650037,7.948878871003539e-05
0.8894266557967111,0.1683755455649198,8.146598671363691e-05
0.9131891157014737,0.1750175575381712,8.367710810357375e-05
0.9407496416515686,0.1902949212032901,8.637608636993573e-05
0.9788612283286744,0.2027084577305072,8.996668968371277e-05
0.8110436016678523,0.06666545714707854,7.323397220948129e-05
0.7984556768226792,0.03622146939520783,7.192537852363106e-05
0.78125,0.0,7.03031864593463e-05
0.8196069551933081,0.09108706982149928,7.421241442437049e-05
0.8131393404935887,0.1244443278386084,7.402692406376897e-05
0.8151009195355174,0.156965748691088,7.470016824218234e-05
0.8403338498231657,0.1713016998500558,7.717820248994834e-05
0.867888068018861,0.1804113280618792,7.977330600005441e-05
0.8936753648735759,0.1997601111620167,8.240802572419872e-05
0.9179842171078818,0.1988655660586643,8.452751205556989e-05
0.9493222392788125,0.2151310629657566,8.760277036632246e-05
0.97543520592866,0.2180356008752897,8.99476096115404e-05
0.7870384067717799,0.05533615384313931,7.100418013169636e-05
0.7669288810377135,0.04577936611346396,6.914198603141686e-05
0.765625,0.02024175955077295,6.8924475677188e-05
0.75,0.0,6.74953868837192e-05
0.7992411073939673,0.08451612210405471,7.232884833850085e-05
0.7931395915513298,0.1063126205947457,7.201426437539216e-05
0.7897251982009229,0.1378803505398888,7.214461518693487e-05
0.7648587526317367,0.1049595609074221,6.947221307092789e-05
0.7794890031612821,0.0762820776013543,7.048036195967677e-05
0.7532002257869127,0.06926972449563948,6.806591856909605e-05
0.7416369900630961,0.04898765914252226,6.68866061280613e-05
0.734375,0.02679905630872132,6.613015235491713e-05
0.71875,0.0,6.468078207900019e-05
0.8099497011506986,0.1905173000113925,7.487566833172006e-05
0.7932465882915293,0.159610681287257,7.281715501853255e-05
0.8424709902535756,0.2002439336497185,7.793087547822974e-05
0.8681553880123922,0.2087025990137758,8.035654760699045e-05
0.898298647605101,0.2361259151049829,8.358241246631158e-05
0.9275057767747142,0.2297722832540807,8.599280715609749e-05
0.9461909093971896,0.2432558749556476,8.791925435454796e-05
0.9685831611286311,0.2486898871648548,8.999403784864752e-05
0.7584269482551532,0.1325325279761797,6.928711616465888e-05
0.7294409825009067,0.1219208418635574,6.655266004741249e-05
0.7393444479134685,0.09268532466817739,6.70567864479845e-05
0.73115416235853,0.07203160536288744,6.611984210096944e-05
0.71875,0.05359811261744265,6.485905411517404e-05
0.703125,0.02249935612252156,6.3306161523009e-05
0.6875,0.0,6.187325327457027e-05
0.7715075830246244,0.1502385850355008,7.073712044593083e-05
0.7750289731152308,0.171968915782869,7.144042774978083e-05
0.7865323792174002,0.1924581714156157,7.286940891518682e-05
0.795833330081561,0.2213875075695793,7.433605620482689e-05
0.8206881862679615,0.2142038263081936,7.633474631099004e-05
0.8494090215538321,0.2224010341309103,7.901812340756823e-05
0.86841088675563,0.2357427918453074,8.098126798591585e-05
0.873486237534023,0.2623754295647713,8.207907642991987e-05
0.9003621757303316,0.2659448165552988,8.448931813704669e-05
0.9324090534142678,0.2617221109543578,8.715648818126312e-05
0.9598198387118924,0.2788534407699011,8.99485500694456e-05
0.9145603791290913,0.2499814213628956,8.532877412040631e-05
0.7399841379718872,0.1585040123013876,6.810013306401956e-05
0.7097130410226189,0.133340687281572,6.498737545305374e-05
0.6999732151040312,0.1127314579069034,6.380331641963977e-05
0.7097748870238896,0.08329601510731893,6.431075099781508e-05
0.6990686549949555,0.0638552928266454,6.31731598121546e-05
0.6874361505892617,0.04495423655184525,6.199535918985343e-05
0.671875,0.01793020256910282,6.048478885305875e-05
0.65625,0.0,5.905047813156362e-05
0.7199778539716509,0.1024200815827101,6.544806262771917e-05
0.7533337990213347,0.1760968140339259,6.962262408289034e-05
0.7665543537689441,0.2048281531260434,7.140565286915227e-05
0.7733612141753923,0.2269568800275968,7.253686348623988e-05
0.7796348233367338,0.2492426542113028,7.365732999059473e-05
0.8110889551614736,0.2597725853767162,7.664424193332137e-05
0.8302040568246305,0.2382624497114674,7.77303605004415e-05
0.8490510431340671,0.2553342847735403,7.978937722636248e-05
0.8703706777052629,0.2893077496351507,8.253797349229944e-05
0.8942270572618777,0.2890008644697196,8.457371595638563e-05
0.915848967145903,0.2990862021944125,8.670456012862163e-05
0.9363943706295013,0.2858402696647301,8.81125797753862e-05
0.9510565162951535,0.3090169943749474,8.999503473126732e-05
0.7082223372751258,0.1560867275233219,6.526788091530824e-05
0.7229422469217103,0.1725501531368426,6.68908800485722e-05
0.7362919079711577,0.1901429548693808,6.843469428298033e-05
0.7443080146233494,0.2121479927334686,6.96514637352596e-05
0.7509243402879539,0.2346136085042225,7.080137391551814e-05
0.7594064511127855,0.2616778191952793,7.228765819550123e-05
0.7681133332289657,0.2822308265933735,7.36406094136344e-05
0.7902853283069926,0.2796542894694178,7.544208220203545e-05
0.8124123013149847,0.2819822974558819,7.739137726967457e-05
0.8346503891512294,0.276293235372301,7.912497800344029e-05
0.8408053858005804,0.2973003906244236,8.02625788932244e-05
0.8460733108173749,0.3185473556208117,8.135636773815133e-05
0.8667597469949886,0.3288913707687622,8.342853508343378e-05
0.8894498779270655,0.3244097137764528,8.519982467588164e-05
0.9218186791236396,0.3227571302452766,8.789917913014795e-05
0.9404165010917025,0.3385707735298127,8.994915928929035e-05
0.6877295836900917,0.1411931108276656,6.317947364115391e-05
0.6762180081909849,0.1104055393705529,6.165757538543566e-05
0.6761457803484954,0.07541406744734143,6.121928464179901e-05
0.6671203572748705,0.05517322861962148,6.0242212674095616e-05
0.65625,0.03586040513820564,5.914388599708822e-05
0.6354577881664429,0.02243309006232369,5.7220241725834544e-05
0.625,0.0,5.624867209515217e-05
0.6899106453586914,0.0930310904322624,6.264755917287928e-05
0.6776456387654017,0.1644328789532274,6.274927880697895e-05
0.6644602729628033,0.1311775256699745,6.094325706130232e-05
0.6547219066877359,0.1000306961099826,5.9599881526942984e-05
0.654069454080464,0.07783194361669665,5.927628648475771e-05
0.645022418107336,0.05685575726888755,5.82728526747711e-05
0.6245729966407711,0.04466212909960965,5.634691331519454e-05
0.609375,0.01661167287331599,5.485898968125209e-05
0.59375,0.0,5.342439557752081e-05
0.6969813093394714,0.1750874426345554,6.467333573419093e-05
0.7116984924596408,0.193418179359964,6.637231647485033e-05
0.7139988000653018,0.2181218585779505,6.718056196964937e-05
0.7284172919788375,0.2354229980176718,6.889245853384589e-05
0.7362220697125865,0.2565489957337597,7.015695299799435e-05
0.7458182968985476,0.2811504265209411,7.172852035818365e-05
0.7614899334240853,0.3143612971940577,7.413866912665267e-05
0.7833737177322513,0.3032187818780562,7.55966005927841e-05
0.8196736704534009,0.3030131099441598,7.864080284779173e-05
0.8198875452757034,0.3434283283517652,7.999278700420776e-05
0.8479861628191474,0.340578796163416,8.224336697450435e-05
0.8729724250558781,0.3511698339658334,8.468126572326904e-05
0.9112459327981218,0.3447609328944226,8.768248880218129e-05
0.9297764858882515,0.3681245526846779,8.999402571550029e-05
0.6460314730478114,0.1666994317159514,6.003927798265594e-05
0.6319790309567792,0.1470469322133046,5.8393341270076294e-05
0.6251128085966932,0.1238834511293829,5.7345915839849813e-05
0.6307908719557308,0.1006281093261322,5.748339396983567e-05
0.631889229477627,0.07671482982186176,5.7278863062398597e-05
0.6035489098045043,0.06632234936464006,5.463648429191168e-05
0.59375,0.03322334574663199,5.351100307098499e-05
0.5668706357329812,0.02719756888831892,5.106964243335193e-05
0.5625,0.0,5.0618059510116875e-05
0.6869231812817219,0.1947399728472871,6.425416206775949e-05
0.6870896281675218,0.221914607575609,6.497832545483779e-05
0.6891718276269865,0.2445364482542111,6.580708641790784e-05
0.7099728200824615,0.2536689146869072,6.784656509880536e-05
0.7030540438626908,0.2750271343709553,6.793783733323332e-05
0.7173986895845952,0.2922977496340076,6.971040920468368e-05
0.73779884746553,0.3025061224183428,7.17632440833123e-05
0.7464280330471154,0.3323371672306827,7.353071947557323e-05
0.7730307666687108,0.3428555559130615,7.610102686806109e-05
0.7970228836164582,0.3236333828753586,7.741658143258215e-05
0.794841801972223,0.3454950131529325,7.79961156930465e-05
0.8005768693481146,0.3667034312392996,7.924119877759262e-05
0.825244654706933,0.3761300575798838,8.16196018381798e-05
0.8435628345881904,0.3622462266184611,8.262086892775393e-05
0.8630772446088827,0.374743524657265,8.46786841511575e-05
0.8856650840257824,0.3799188668877598,8.673086902196052e-05
0.9060807916454784,0.3678880420908023,8.800995156955428e-05
0.9173017691771355,0.3969519221248753,8.994896203079013e-05
0.6640280591228909,0.1851750208432726,6.20392087364025e-05
0.6102716016547473,0.1576525617806915,5.671154390268551e-05
0.6363759283834468,0.1870771903943659,5.96951681087057e-05
0.6495862996011276,0.2053520004840031,6.130793949755316e-05
0.6668925447090266,0.2400960898296523,6.378541929401914e-05
0.6821269469140188,0.2668969667372465,6.59179514013419e-05
0.6872821777408604,0.2972910057692914,6.738579817102428e-05
0.705031409746577,0.3110248315187043,6.935007324139922e-05
0.7255134567324478,0.3217271133138851,7.142297246159227e-05
0.7327526329685711,0.351389100970625,7.313520953835194e-05
0.7574417141405766,0.3693526322272673,7.58333035635353e-05
0.7797110482466603,0.3794542601631863,7.803374235688955e-05
0.7831021480866078,0.4036713320415045,7.928114607574066e-05
0.8200417927361903,0.3985185971401334,8.205305722311455e-05
0.844529988688714,0.3886357510647979,8.366684118755227e-05
0.8802715607964767,0.4062067850933619,8.724841768689035e-05
0.9048270524660196,0.4257792915650727,8.999401082308905e-05
0.6024239409311408,0.09655280972240193,5.490252063837443e-05
0.6004934288248861,0.1212384898529895,5.512427448542989e-05
0.5745145707276574,0.07457974142262094,5.213388876339378e-05
0.5758616513928766,0.05005475780493512,5.2015522721490566e-05
0.5432434969630072,0.04135979059572262,4.902276247345389e-05
0.546875,0.01646089362761927,4.923704083818795e-05
0.53125,0.0,4.780690376003722e-05
0.5855967673737121,0.1850709280864626,5.526186324813561e-05
0.6166861891553385,0.1980679483595985,5.828238184174445e-05
0.6403985973975785,0.231610669961084,6.128200540382707e-05
0.6477223836734215,0.2543472926055335,6.262515176242693e-05
0.6494631339000522,0.278541413622667,6.359673823617971e-05
0.6584065494878952,0.3080184396200121,6.541081166942915e-05
0.6695907804708465,0.3308563839302707,6.720861786698221e-05
0.6932286588351435,0.3301127407135492,6.90961703977144e-05
0.7040064200783843,0.3616796028436292,7.122475947847145e-05
0.7131475441629549,0.3404594592039933,7.111814831710349e-05
0.58806892063188,0.1524155152760474,5.466545922836297e-05
0.5781356128106386,0.1318798123072308,5.3359209304374154e-05
0.5754236095553273,0.1021363679437435,5.259254831644548e-05
0.5458626348098119,0.07639038256347273,4.959237575228033e-05
0.5264868110181022,0.05750149480271172,4.765573146280147e-05
0.523833754627003,0.02456939035433348,4.718794298426496e-05
0.5,0.0,4.4990496235098356e-05
0.7238892642732657,0.3719256414942761,7.32407703856533e-05
0.7266157757771432,0.3941264283345596,7.438944062734744e-05
0.7493162403056635,0.4267040046677227,7.759749096582272e-05
0.7549077799648233,0.3986099769503285,7.682660372417068e-05
0.778439038616636,0.4328167745731963,8.015231469083735e-05
0.8033285552230298,0.4140148093170423,8.133454913260838e-05
0.8249445696671849,0.4210035851288675,8.335289538490755e-05
0.8543496493134088,0.413149352447985,8.540635753364478e-05
0.8738098613088762,0.4322527286574072,8.773486479907759e-05
0.8905668662549415,0.453766482833394,8.995089946337647e-05
0.549630681388598,0.1945695880260709,5.246026721057038e-05
0.5852514942546698,0.2163309799540458,5.615004199573951e-05
0.61257914093194,0.2315135285995471,5.892679577259342e-05
0.6245408504784636,0.2601099632903278,6.0878197042520865e-05
0.63903135280583,0.2978016885808898,6.344600795407341e-05
0.6290308976805502,0.3172894063936913,6.339882925941097e-05
0.6521164344358282,0.3467921779000583,6.646539305186018e-05
0.678481685312773,0.3527710847014628,6.882050938079882e-05
0.6833756873398907,0.3848644919501729,7.058032373697247e-05
0.7038867623077398,0.3946727715044513,7.262297986844299e-05
0.7205442692536652,0.4224494769423383,7.516645831899896e-05
0.7181573982778062,0.4513174716916767,7.632898580067432e-05
0.7468580575247561,0.4556212623661015,7.873000372370387e-05
0.7757056757357707,0.4622060606764449,8.125782126733768e-05
0.8077491123895264,0.4362982951784511,8.261672688377824e-05
0.8384556534175,0.4396331992521012,8.519666251810663e-05
0.8617907089625745,0.4567308578829758,8.777389810519423e-05
0.8763066800438636,0.4817536741017153,8.999263209438751e-05
0.5667728586036188,0.1605925222335745,5.300683988822094e-05
0.5423702133668411,0.1416705033156188,5.044011791757449e-05
0.54800315735887,0.1050195637672418,5.0205090442867535e-05
0.5223642085253968,0.1040066515228961,4.7927959573583336e-05
0.5172600062525717,0.07886050256011673,4.70829770399755e-05
0.5073622031240045,0.04425043780867848,4.5824480161681344e-05
0.484375,0.02294805746074502,4.363546112427659e-05
0.46875,0.0,4.2180682132488846e-05
0.557595167232474,0.2309062203270923,5.4304601070956375e-05
0.5322799752897327,0.2280940742534079,5.210617051295802e-05
0.5190525496992701,0.1993506000582762,5.0034638038304254e-05
0.520409744842674,0.1715495804431873,4.9309334951696965e-05
0.5434502113235792,0.1654740489203438,5.11230408846787e-05
0.5188586675025977,0.1473998017896297,4.8541195659558076e-05
0.5084391296620464,0.1255583073096257,4.712380768767731e-05
0.5016152969126677,0.09512719237516486,4.593860062457071e-05
0.4901740821093155,0.0693642238520953,4.4544805826608626e-05
0.4715164936820927,0.04755319475956928,4.264350593294399e-05
0.4607702597289243,0.02222673643374374,4.1509469765441545e-05
0.4375,0.0,3.9361506520920427e-05
0.5786222782931526,0.2372785084886344,5.627932775034065e-05
0.582444814840203,0.2589149053771716,5.735475603870322e-05
0.6079719898194063,0.2863075095258097,6.047566563475477e-05
0.6026135770932951,0.3128658726237877,6.11028562124439e-05
0.5987715919506703,0.3393740153008433,6.193706872774225e-05
0.6224576426475041,0.3645584234397337,6.491396837777885e-05
0.6286965729551363,0.3413344637369224,6.438035291742792e-05
0.6641580947261568,0.3713751767841754,6.847839342368617e-05
0.6532065664559078,0.3921439398205478,6.856440914197135e-05
0.672188686922084,0.404657358488489,7.060651544422946e-05
0.6926997618899331,0.4144656380427675,7.264378304393188e-05
0.6902415791090257,0.4433828957411462,7.382584439404047e-05
0.6841098258606652,0.4717492853154296,7.478011741248387e-05
0.7120256450294457,0.4796838612659601,7.72598688297827e-05
0.7407263042763955,0.4839876519403848,7.962949128148334e-05
0.7716010713689367,0.4904133453439049,8.227816835948869e-05
0.7995954981584564,0.4957809103454283,8.46685348869785e-05
0.8051847716142246,0.4658966324688092,8.371503297651626e-05
0.8345696055494283,0.4702748682511966,8.620973247089817e-05
0.8447482092839005,0.4913343348326131,8.79449863608701e-05
0.8603173027729394,0.508790234540356,8.995120155536774e-05
0.5298990388558088,0.1241496027243698,4.8975953121341954e-05
0.5302270941782795,0.2534821184431405,5.2884453205223774e-05
0.5070678604019303,0.2244724211057653,4.990114976078146e-05
0.4920628725254479,0.1925464839254712,4.753567157476589e-05
0.4952176496053621,0.1535530893253822,4.6646862498450726e-05
0.4818494701371027,0.1224508393023922,4.4733784260200395e-05
0.4790570733711748,0.09582624782439866,4.396201497848416e-05
0.4640935342444751,0.07397368303843978,4.228777616843296e-05
0.4418498871530458,0.05959793071055274,4.0113041255565194e-05
0.438432317747428,0.0298896611573886,3.9539963580654356e-05
0.4158777580772536,0.02190400007430601,3.7472096514601354e-05
0.40625,0.0,3.655699390555377e-05
0.5553813746185747,0.2560991964078368,5.503637328146583e-05
0.5523616829206695,0.2812083258947769,5.57745306870257e-05
0.5759870173858214,0.3099557530098165,5.8862068591225615e-05
0.5821252274950461,0.284803421505991,5.8320896081324685e-05
0.5941278040824735,0.3674721423812371,6.286778822455514e-05
0.5719539381209223,0.336611898931754,5.971602260858179e-05
0.6080028736374907,0.3959645225892038,6.529302321908058e-05
0.6300140605224455,0.3870657707234837,6.654102229994966e-05
0.6375634067193885,0.4080874830609848,6.81273551474324e-05
0.6568038474633976,0.4318773515828399,7.073550993567049e-05
0.6600286805929492,0.4589549586378309,7.234703853433447e-05
0.6514826409374305,0.4848501620304334,7.308249151848378e-05
0.6768801664089388,0.5009228784885597,7.57780865070695e-05
0.7053550327956567,0.510543091515193,7.836104874912304e-05
0.7350658754347721,0.5132826873752807,8.068251393052841e-05
0.7645234646732479,0.5180250488187088,8.310744989861835e-05
0.806672300444337,0.5193415642577495,8.634045072972588e-05
0.8286642053892369,0.5083169708292321,8.748968011990817e-05
0.8175544514516211,0.4836749621426995,8.549233848117007e-05
0.8443279255020151,0.5358267949789967,8.999307987899489e-05
0.5021498676726602,0.2751697174388352,5.152532409189509e-05
0.5268599415546799,0.2781414176323833,5.361397855282551e-05
0.5242844564150502,0.3028959248904717,5.4487075102719096e-05
0.5455195000014569,0.3313169650250149,5.7430422138743426e-05
0.5428075551759506,0.3641738783831692,5.8817389803946685e-05
0.5663406157621773,0.3737124690107632,6.105785882618662e-05
0.5851651662996666,0.3894613149458248,6.325837548446336e-05
0.5790215748209793,0.4123983781807729,6.397111225685122e-05
0.5993863564175588,0.425806840054075,6.616431584435634e-05
0.6237684813217421,0.4256546413649142,6.795656864848264e-05
0.627594376029502,0.4590525465126124,6.997102425094366e-05
0.6102716742756903,0.4799862377735905,6.987287591107221e-05
0.6222448890994381,0.5043775795293415,7.208121916787295e-05
0.6501557756222375,0.5145155555512451,7.461286501723104e-05
0.6697697388773879,0.5368110391686705,7.724396628799357e-05
0.6916690347172185,0.5292403590322692,7.837502436401687e-05
0.7115144158820054,0.5412009276823145,8.04487571119001e-05
0.7376379603831709,0.5345370107978269,8.198110348914622e-05
0.7580120863967239,0.5411140066405986,8.381636795606727e-05
0.7981388975915605,0.5424146346889218,8.684725863350699e-05
0.8266724599384813,0.561806023635735,8.99508313179088e-05
0.8212334115467879,0.5391207148339593,8.841064879866464e-05
0.5019774738492808,0.2495658059989393,5.0447796806429146e-05
0.4783091936064944,0.2282970626869823,4.7687994374748747e-05
0.4595291828760927,0.2061837183889872,4.53204232771087e-05
0.4648731760282858,0.1760904033031173,4.472797380818912e-05
0.4653155258683478,0.1455294772326082,4.3868629958672474e-05
0.4558295305027715,0.1161556750873638,4.232229776789483e-05
0.4375,0.09131955880297524,4.021164690554282e-05
0.4100390612537376,0.07664992711708042,3.752985115627327e-05
0.4130243577535047,0.04565977940148762,3.738728947624874e-05
0.390625,0.01769683286336991,3.518354225333378e-05
0.375,0.0,3.374432714415428e-05
0.5493419912227642,0.306317455381717,5.660242306182176e-05
0.5003458461419202,0.3051714220822246,5.27400060081653e-05
0.4807107802177959,0.2807455214366656,5.009757706565864e-05
0.4780769724976803,0.2587503601957699,4.891720509508292e-05
0.45342549459166,0.2432131721802386,4.62974072630673e-05
0.4417713362769,0.2222744058857738,4.450652647919749e-05
0.4247513262549993,0.1946007103554076,4.2042320793446747e-05
0.4344471876408252,0.1731877999347179,4.208337887472887e-05
0.4381986966089776,0.1463200928751647,4.156778428825631e-05
0.4248804341857749,0.1226859779519695,3.978757634564288e-05
0.4166813619957381,0.09725349903860195,3.850347122470753e-05
0.3963169506431786,0.1045963925647424,3.68810521394403e-05
0.3880602588494442,0.08320013175660385,3.570046822469136e-05
0.3919681839018527,0.05927028900879876,3.567244385178767e-05
0.3786386584939008,0.03803512521285717,3.4235963168860295e-05
0.359375,0.01660441250935153,3.2372234866399456e-05
0.34375,0.0,3.093627364647162e-05
0.5215813178091787,0.331024177244469,5.5593927897868385e-05
0.5191907755208715,0.3548444962793383,5.658826853959885e-05
0.5305415115442738,0.3864074976418873,5.9063328945944316e-05
0.5541799086381156,0.3962431299480497,6.131025383399056e-05
0.5467688765837171,0.4207500694533582,6.20835336288658e-05
0.5671770275786301,0.4313315048356189,6.412575188177007e-05
0.5846538890339213,0.4452353135935541,6.613424550878947e-05
0.5831042947520924,0.4804646891109822,6.799091437792195e-05
0.6044022455806332,0.4574951219063131,6.821274401540502e-05
0.5979421550315529,0.5011729236348745,7.021452231225499e-05
0.6026975473719806,0.5272453275622567,7.206486887000647e-05
0.6294933154860651,0.5279116720635065,7.393664309081171e-05
0.6467793366920639,0.5541616743541217,7.664709688285832e-05
0.6703095552302053,0.5614333171130823,7.868598235384166e-05
0.6980893022862532,0.5694428688938462,8.107228722538303e-05
0.7182952370941856,0.5617361221269667,8.206337100311376e-05
0.7391172858342261,0.5558952289197077,8.323400078774736e-05
0.7713463743292043,0.5610562930113914,8.583600871180153e-05
0.79540479946049,0.567059543857532,8.791222066935949e-05
0.8090169943749475,0.5877852522924731,8.999366370757276e-05
0.4763211508188728,0.3061956114754641,5.095671215488695e-05
0.4585613533793286,0.2803892184098347,4.8363845919447924e-05
0.4401346459650907,0.2682847877892968,4.638431060601233e-05
0.4316986642460912,0.2415933179358352,4.451504723666144e-05
0.4183474665761123,0.2172173644384225,4.2408502283510944e-05
0.3983925411465735,0.2082311149844016,4.0454766619164304e-05
0.4026750956798741,0.1865283808098837,3.992319393074158e-05
0.4019186570914556,0.1475025547554036,3.8517623832987266e-05
0.3990839296217165,0.1260538961851912,3.7663040357570125e-05
0.3788522796943855,0.1183883253971045,3.570812992245463e-05
0.3594476701788947,0.1074936812012929,3.374454881287761e-05
0.3682281467114708,0.07168230799977134,3.374156247211515e-05
0.3507507828282599,0.05577834623474184,3.195027990033055e-05
0.34375,0.03320882501870307,3.107547666662528e-05
0.328125,0.01660441250935154,2.956098094713031e-05
0.3125,0.0,2.809382718179862e-05
0.4977208898206829,0.3290742368451365,5.3697422101169655e-05
0.4953418336892565,0.3528849864584796,5.473522270837315e-05
0.493802477517927,0.3767647286640308,5.589174010742449e-05
0.5072905742099961,0.4001843672110807,5.814612634537688e-05
0.5223078327491673,0.42228861683687,6.0441832405575545e-05
0.5247195219640081,0.4466790565347946,6.201044465743252e-05
0.5508099866388938,0.4465261274101246,6.381244505617662e-05
0.5683086927485379,0.461002682090269,6.585329132828612e-05
0.5622051149136599,0.4951964204940744,6.742125335290654e-05
0.5779434684852789,0.5153484391105165,6.968135635615967e-05
0.5801839193222913,0.5429754556101285,7.150896488548029e-05
0.6183015785619068,0.5498465352066726,7.446156485399819e-05
0.6253732691699238,0.5777677516186783,7.662107803669458e-05
0.6538510273000808,0.5820828907661274,7.87825124564895e-05
0.6785110963542902,0.5846557781380596,8.060724337644517e-05
0.7041548271304197,0.591577716887119,8.276700508281191e-05
0.7266556490590413,0.5870549854273761,8.407181083287323e-05
0.7475245961837366,0.5773292942351538,8.500237184426919e-05
0.7644337704777633,0.5929556133140035,8.706625349119263e-05
0.7897651185753684,0.6126046210205813,8.994989491142273e-05
0.7867253824263554,0.5903704328032383,8.852219711598548e-05
0.4722126943335054,0.3283688646072535,5.1757785850693776e-05
0.4501972429510198,0.3234849655947866,4.988058718876385e-05
0.4484717874469384,0.3007905502845934,4.859364373161905e-05
0.4298085218916819,0.2877638008135215,4.654234031639153e-05
0.4197744375264284,0.2598276784065598,4.4424752453195326e-05
0.3998195120968896,0.2508414289525389,4.246300454555624e-05
0.3941557266783786,0.2297020518831594,4.104696066354588e-05
0.3765198370694602,0.2089636069661842,3.874705562613897e-05
0.3794719786415251,0.1859415775486635,3.8022736412538476e-05
0.38703537488878,0.1645848223514406,3.784682824763203e-05
0.3671954202796321,0.1373448485800798,3.5274200054255295e-05
0.3363744737840565,0.1362543979316356,3.2643762446549465e-05
0.3235068119183429,0.1154630480931414,3.090659949741018e-05
0.3263801761733389,0.09118135276816253,3.0487324046861777e-05
0.327487004105045,0.05992453094444486,2.9947149655075346e-05
0.303827301431042,0.03946890951736977,2.7544960508234993e-05
0.2845136741949196,0.02432496197305108,2.5690233929135387e-05
0.28125,0.0,2.5292823134040388e-05
0.349462171077453,0.08606325334345952,3.237994681285097e-05
0.4710645958617394,0.3508902863882533,5.285302736634291e-05
0.464507351879515,0.3878401410262833,5.445061218719564e-05
0.4826182472734935,0.4055596372159919,5.6728913990754584e-05
0.498019154140984,0.4255703671313712,5.89505795401654e-05
0.4949316703368991,0.4631463060214672,6.099527974675082e-05
0.5206706403991777,0.4745304425340028,6.339593917511295e-05
0.5487439694178238,0.472535112532787,6.516781343191123e-05
0.5408608338989416,0.5092755289682448,6.685298867381026e-05
0.5524952446965053,0.5442439027277742,6.978827255385598e-05
0.5551439413382857,0.5674018475284169,7.14366774446738e-05
0.5782290616716715,0.5706241480238525,7.311069387035715e-05
0.6009637917510362,0.5797221968360637,7.514313559428552e-05
0.6103473307903441,0.6023405884470676,7.717131444630941e-05
0.639193653861297,0.6074472260945463,7.935587291560574e-05
0.6672763768394806,0.6067582628990673,8.116404087888384e-05
0.694769881778901,0.612522045190254,8.335568413481293e-05
0.7343700545857751,0.6197155237588691,8.647461530195507e-05
0.7439526698179117,0.6001981601490134,8.602707170894136e-05
0.7583886623845255,0.6164318315610187,8.795558656235782e-05
0.7705132427757893,0.6374239897486896,8.999499238179369e-05
0.4473271360607289,0.3496401017238336,5.108988572212718e-05
0.4239579645777256,0.3452913336571595,4.9199014072782085e-05
0.4438587925273011,0.3731560655066317,5.2179261765867035e-05
0.4285890806334904,0.3930872478463422,5.2332386070186264e-05
0.4583138357319723,0.4124089308808703,5.5481457591024344e-05
0.4734129420508483,0.4333301303415696,5.775362305123193e-05
0.4582964477283665,0.4542387696540994,5.806689762988364e-05
0.4774842442299788,0.4872466510178246,6.139244547533812e-05
0.5045509485509635,0.4996011167650871,6.389802676578172e-05
0.5309847135073343,0.5319810795946045,6.764406915369147e-05
0.5270233474271876,0.5541499624919236,6.882326694704834e-05
0.5333825924728866,0.5757534759234176,7.062784309694214e-05
0.5457041763119962,0.5981011040394328,7.28635377129526e-05
0.5703687202191103,0.5943083193989356,7.412915285010509e-05
0.5889041894215388,0.6187243388361683,7.687091241925185e-05
0.6208141630606321,0.6289689228970906,7.953323338675878e-05
0.648409016844858,0.6352548723066522,8.169002173038833e-05
0.6789430573485505,0.6388852573085441,8.389917341303596e-05
0.7073374475414193,0.6506863559996922,8.648663848646006e-05
0.7476995557302761,0.638248424461259,8.846843506267399e-05
0.7497409350986004,0.6609855478386891,8.995008552468799e-05
0.4250898139568868,0.3199634204395515,4.78742838218212e-05
0.4051559304463863,0.3042973884222987,4.559227292006653e-05
0.3948043330206016,0.2762568900946994,4.336001685310129e-05
0.3779468080197763,0.2515739209343215,4.085556629966633e-05
0.354297701047811,0.2310368518274711,3.8056075139185946e-05
0.3539525484462971,0.208466732879154,3.6946467714799035e-05
0.3646500975633089,0.1680798637544635,3.6115948539334753e-05
0.3488651104023519,0.1536305786533634,3.430231900963082e-05
0.3146604260921433,0.1643028054992425,3.1923700641434355e-05
0.3120832352843844,0.1398783257999152,3.076420174043913e-05
0.2995529478492808,0.1105569961001548,2.871203559562036e-05
0.2833960787334365,0.0743340161146423,2.6331910758775548e-05
0.3079751044825512,0.07488160740054989,2.8502242302422636e-05
0.2665398743079233,0.04103716894469832,2.4256678224772503e-05
0.2473172937876698,0.02493300557586392,2.235580871767756e-05
0.25,0.0,2.2483744261108263e-05
0.3899997892501674,0.3485867465365616,4.706832225673131e-05
0.409863071309802,0.3763614382818426,5.007015499980999e-05
0.4105019610606785,0.4105019610606784,5.223944981953372e-05
0.4335360908602756,0.43331355416407,5.51546886359476e-05
0.4254967955544264,0.4677867440808928,5.689833307342574e-05
0.4490217935212745,0.4841119390332238,5.941417461620259e-05
0.4593365303965006,0.510824178227396,6.182266110844508e-05
0.484248011207878,0.5082549874180142,6.317742018671349e-05
0.5082295917535408,0.5417424430857227,6.68474325568442e-05
0.4939501851859842,0.5640282815408004,6.746666049317097e-05
0.4937329143115828,0.5904954846596518,6.92596509505301e-05
0.5204250677000376,0.6015946092277393,7.158284605690896e-05
0.535511714949754,0.6175550947723321,7.356487742771511e-05
0.561934383289992,0.6177942066941021,7.515726635335961e-05
0.5668972997881478,0.6419914414103939,7.707482570579527e-05
0.5971102594359368,0.6444322365233329,7.906268230104469e-05
0.6297004327747061,0.6536715149976445,8.16822431871722e-05
0.6613175079087218,0.6569069211513385,8.388864840770693e-05
0.6767999747464387,0.6767999747464388,8.613433532848438e-05
0.7028843010839252,0.6806735403375636,8.805415629515155e-05
0.7289686274214116,0.6845471059286886,8.99947185131472e-05
0.7270598018967972,0.6619268444843622,8.848721306244535e-05
0.3982283501968434,0.3266646700184919,4.635189041817918e-05
0.3760741192637477,0.3190833306987986,4.4380655647362884e-05
0.3830016995132906,0.2967160491026054,4.3599229691077926e-05
0.3686689679586125,0.2707747459430361,4.1163762752479144e-05
0.3514216471060767,0.2582336167823306,3.924116301963217e-05
0.3246199771744259,0.2410510504357531,3.637338269649502e-05
0.329508611033503,0.2196129534459396,3.563695097562047e-05
0.3339162237335964,0.19807081581202,3.493594530919897e-05
0.3391631383224119,0.1727046290193584,3.424058843268052e-05
0.3123107134872581,0.193985149336629,3.307363881317749e-05
0.2906191753916785,0.1903840496989097,3.1254727167714805e-05
0.2901477891305652,0.1658285021376094,3.0063942217059555e-05
0.2875705983228063,0.141404022438282,2.8821745581470417e-05
0.2664947053983027,0.1090508951300782,2.5891509896485894e-05
0.2553086733021546,0.09011844346027252,2.4356036373985192e-05
0.2542936487929479,0.06815176948510523,2.367756260921183e-05
0.2292413431446866,0.04231436593747459,2.096628492555327e-05
0.2258498096490179,0.020697471512142,2.0402479722889053e-05
0.21875,0.0,1.9655577788260146e-05
0.3805572641485594,0.3718744243447862,4.788269391787636e-05
0.3910687124880315,0.3937893864401925,4.9939554645934464e-05
0.3790056972057173,0.424578172255594,5.1210175804570655e-05
0.3918150832099075,0.4566105619357421,5.414356387663608e-05
0.4078124228744946,0.4362529520935621,5.374311252923245e-05
0.3596997235625748,0.3593956779918671,4.575186146585183e-05
0.3598634613920063,0.335980470374331,4.430443008724629e-05
0.3474529986417623,0.3161240061328325,4.226370426111785e-05
0.3604406547210403,0.2904482016252544,4.164897135281014e-05
0.3277253802742684,0.2718872847335218,3.831337661806667e-05
0.296764800401136,0.2704875104664397,3.6115648302935026e-05
0.3036416849705208,0.2365545853531148,3.461866992115725e-05
0.3079031007871648,0.2155272869705487,3.3820041713459006e-05
0.2664077433606106,0.2076001739271138,3.0379342326530738e-05
0.2656351521689871,0.1673541987759762,2.823300328310337e-05
0.2630579613612282,0.1429297190766489,2.692495753476571e-05
0.242362733582684,0.1118184748127009,2.4006290697102837e-05
0.2333350015571344,0.08926827269643722,2.2468293788147336e-05
0.2156572125387322,0.06715409857317921,2.030482188752779e-05
0.1972763967474841,0.03210121869150305,1.7946792818981724e-05
0.1875,0.0,1.6846310901041586e-05
0.413740216111337,0.5012702868086094,5.848341364686083e-05
0.4342667955840763,0.5168884243232214,6.074801211450477e-05
0.4576669305464563,0.5349279126856428,6.33508048547827e-05
0.4685799135922371,0.5564844518219569,6.546539446561711e-05
0.4813480515981531,0.5301339493745791,6.444320618573543e-05
0.3916420296653748,0.4844073176195174,5.60514592059686e-05
0.4636699494038637,0.5898790544665709,6.751737815526835e-05
0.4676263937361088,0.6237802166447005,7.01547705637448e-05
0.4914901233888516,0.6269751786699271,7.169020126292462e-05
0.5153687559020542,0.6300567828919607,7.324984806236408e-05
0.5424604329377404,0.6383891856423453,7.538688859326891e-05
0.5469947987114767,0.6663682390078633,7.758359591417848e-05
0.5761992692339007,0.6648739690791909,7.917825015734221e-05
0.6009962470236171,0.669323806625733,8.095307694378474e-05
0.6241196485213691,0.6793237798691003,8.302092459976761e-05
0.6505851090413795,0.6806772568557768,8.473901367169408e-05
0.6782289491050404,0.7032473269240467,8.792761842694343e-05
0.70675786667505,0.70675786667505,8.994918817949655e-05
0.3655872215274191,0.3910226340197853,4.8172434287065306e-05
0.3326679665636012,0.3768373262346899,4.5225322676253814e-05
0.332980605625957,0.3409931836009564,4.288531821518393e-05
0.3147904149350269,0.3252669895565345,4.073127290649118e-05
0.2824842972069224,0.3084148525922662,3.7624149363566326e-05
0.276011235836347,0.2813452062266253,3.546302557048938e-05
0.27115218085124,0.2584325550483499,3.36955448598187e-05
0.2825680139102414,0.2325287525107136,3.2922451641415484e-05
0.2603277670622681,0.2302865048330748,3.127591652161007e-05
0.2432115689648663,0.2159097173895198,2.9260967701413787e-05
0.2415534061381572,0.1913259521125831,2.7708634991217705e-05
0.241082019877044,0.1667704045512828,2.6363248237009146e-05
0.2385048290692851,0.1423459248519555,2.4980851770122677e-05
0.2181315019699946,0.1135093253506482,2.2112567981453825e-05
0.1997262488465454,0.09077520937029793,1.97231900270845e-05
0.1875,0.0642024373830061,1.7804314415372946e-05
0.176763198373742,0.04339324859989906,1.6361840771962425e-05
0.171875,0.01605060934575153,1.5522187376533643e-05
0.15625,0.0,1.4055547921254226e-05
0.3464881113572574,0.4361003668821934,5.011757387227319e-05
0.3687424406852147,0.4472596893356017,5.216302312392061e-05
0.3648042753026688,0.4771668400910787,5.4044894943587986e-05
0.3687743089526389,0.5108771226205893,5.669822719766615e-05
0.3964115628340324,0.5301990039687786,5.956753281604147e-05
0.3915962016526563,0.5076601485063645,5.770227801936752e-05
0.3569369193159439,0.413942507405271,4.918670217393145e-05
0.3221401860529942,0.3023720756888498,3.974701207571408e-05
0.4280320881137754,0.5419163109107019,6.214511854180987e-05
0.4406348174422967,0.570551754066906,6.486973623903799e-05
0.4359294616401659,0.6014819499611371,6.684950880452637e-05
0.4404643052203389,0.6287133702452163,6.907932314328215e-05
0.4450825219361104,0.6564454404096591,7.13692499273406e-05
0.4843841769752079,0.6499793283140296,7.294713394583395e-05
0.5113360779264258,0.6654974398765345,7.552204897315574e-05
0.5390291457491143,0.688823652063775,7.871864524910244e-05
0.5624669115688777,0.6826222590079388,7.960218925671695e-05
0.5820846680442073,0.6935182708154615,8.148239611021393e-05
0.6071170059182298,0.6983104296620484,8.3275761898837e-05
0.629809309034299,0.7015252020134206,8.484399726982651e-05
0.6520303211490841,0.7071378664945103,8.656511572620135e-05
0.6845471059286886,0.7289686274214116,8.99928057245201e-05
0.3439487660447024,0.395948271302525,4.719805922589981e-05
0.3221556670484315,0.4116814510785234,4.7033410734381845e-05
0.3154066943393364,0.4510099883135688,4.95194680911446e-05
0.3315363214788626,0.4839038693902895,5.2783049771334304e-05
0.3464264464788632,0.5025383944116871,5.492785680611287e-05
0.3506226989424869,0.5254079969343443,5.6844895078869015e-05
0.3645824167326492,0.549504719903299,5.933937046245498e-05
0.3890446842833942,0.5539443627267353,6.0919332313676614e-05
0.4048991588693196,0.5782649624016853,6.35232785602697e-05
0.408974592744654,0.605163032274865,6.573039497397267e-05
0.4131693937389964,0.6328489311757883,6.801265470027868e-05
0.4172886222205755,0.6606566050382885,7.03177133252573e-05
0.449254026247639,0.6841286651183314,7.365809232082883e-05
0.4790287052206603,0.680614857910184,7.489676430188245e-05
0.4981395978437309,0.6926568530616014,7.678475431895845e-05
0.5188966369406092,0.7015664653992937,7.853136247964057e-05
0.5519314448845567,0.7088543255334308,8.084247553790174e-05
0.592057941772617,0.7188727085461716,8.381300832247276e-05
0.6181361380241734,0.7267620292880068,8.586357160034212e-05
0.6433382244959394,0.731207692901614,8.764858507697406e-05
0.6609855478386892,0.7497409350986004,8.994708704404036e-05
0.2982481971504426,0.3868463110920931,4.394779579665175e-05
0.3151691755476222,0.3587612638665194,4.296344589409241e-05
0.2969605008595949,0.3414005068592779,4.071089640617648e-05
0.2745190580808579,0.3315798729782209,3.873826216806392e-05
0.2562885743095544,0.3059065818754538,3.590371441846164e-05
0.2526370785030253,0.2798456168419135,3.391389988894284e-05
0.2384575240540961,0.2626168095946184,3.191692678618365e-05
0.2403868952856162,0.2403868952856162,3.0591418965232935e-05
0.2093787382331408,0.2117059935490943,2.6773926782939288e-05
0.2153883941269603,0.1856059980743061,2.5575241236019074e-05
0.2185500227462382,0.162976645261533,2.4524319386595134e-05
0.2091129633267106,0.1406651901724502,2.266072229528905e-05
0.1899271999455031,0.1183355434136515,2.011887447897276e-05
0.167015603066725,0.09224187706176949,1.714269903022483e-05
0.1566006674879419,0.06302113551087267,1.5158050981996043e-05
0.15625,0.03210121869150305,1.4325040014900145e-05
0.140625,0.01567435220233001,1.2726712149958283e-05
0.125,0.0,1.1217939303467976e-05
0.3443502622394721,0.4616717309322804,5.1829626561842646e-05
0.4112698207096167,0.5567839352190752,6.229779669178034e-05
0.2910742500305105,0.4265910725098988,4.646361859453458e-05
0.2845871723351519,0.4664537041391861,4.916798839754412e-05
0.299411621371894,0.4984516915204206,5.231891857614284e-05
0.3233468313437639,0.5085627375712715,5.42329745448977e-05
0.3289878420224506,0.5339262256429637,5.6429894079421e-05
0.3405820428993802,0.560640433642233,5.9031998170650435e-05
0.376513924576358,0.5754174394342879,6.188340137161194e-05
0.3821390909681501,0.6096319436163365,6.474632336655825e-05
0.3858744822576538,0.6369844921063603,6.702131413306867e-05
0.3861226189512771,0.6695046569723296,6.955054456746273e-05
0.3955392806989654,0.6906345465229322,7.162093502093414e-05
0.421591676943093,0.6884364266536562,7.264967038170112e-05
0.454013008433154,0.7117169682022453,7.596806497270181e-05
0.482994698587303,0.7094159667192489,7.723480151448475e-05
0.5135043610199608,0.7258391183897673,8.001391969762816e-05
0.531426271555052,0.7430740667671935,8.220966091080366e-05
0.5713374799823769,0.7365638409209363,8.388944070378023e-05
0.5926134825806518,0.7405032014242182,8.535314066032426e-05
0.6231458098521315,0.7506806606143426,8.78014360778861e-05
0.6374239897486897,0.7705132427757893,8.99941309942681e-05
0.3081370287652992,0.4749762431703415,5.095201178502916e-05
0.2689053871338469,0.3949487940890924,4.299420983057922e-05
0.2784282941105357,0.3722524780290947,4.1815048536834916e-05
0.2629079378852845,0.3531494138083137,3.960632469981698e-05
0.2466369460842209,0.33492269524419,3.742190280292821e-05
0.2317909401291887,0.3155176816912652,3.5226928376433446e-05
0.2217624968404035,0.2962558718819066,3.328962798426255e-05
0.2177539866466697,0.2749129845900004,3.1545810324266e-05
0.2192706109766266,0.2512258513341283,2.9998077395711303e-05
0.1958598646022263,0.2473121081855351,2.83741075453941e-05
0.1878382881522272,0.2256623669678239,2.6412204433546257e-05
0.1913445523917233,0.1938116565345036,2.4498279552986962e-05
0.1960682043961712,0.1670572515799364,2.3160400997855044e-05
0.1720935717324636,0.1448188698249324,2.0214170324291038e-05
0.1659743477974891,0.1214520770164296,1.8487507769799614e-05
0.144160594856645,0.1110784522710631,1.635334684672969e-05
0.1334143117594969,0.08347980437856396,1.4129369047892258e-05
0.131613383938068,0.05630684051304414,1.2848273977443447e-05
0.1249556961260674,0.03130441484036983,1.1538376065669362e-05
0.1081066540562287,0.0168944715445516,9.839969736202946e-06
0.09375,0.0,8.34000335580967e-06
0.2512690719208702,0.4197603058547066,4.402000508694417e-05
0.240665002188229,0.3835851948128945,4.073598330230638e-05
0.2363433015015172,0.3570811998194321,3.85314042265329e-05
0.2138513970535413,0.3353456112255927,3.5785479328080005e-05
0.2052043380559073,0.3103062942810978,3.347114904163141e-05
0.1866298671720915,0.2914190484855429,3.112436688124821e-05
0.1738526723737406,0.2657260172972679,2.855951556960107e-05
0.1682014813875515,0.2378053815698011,2.6203298276546786e-05
0.1713568776681903,0.2094938762530503,2.4338855290201377e-05
0.1593808772965276,0.1741069608044737,2.1224963054453563e-05
0.1404638586356244,0.1404638586356243,1.7845412218163933e-05
0.1234710136354248,0.1234008974385242,1.5662302459245133e-05
0.1076467947984696,0.0907243138062179,1.264731720348066e-05
0.1069000306856311,0.0639681894504003,1.116277463019711e-05
0.09375,0.0337889430891032,8.915343313759554e-06
0.0617450385327021,0.02557209814815635,5.942439076720636e-06
0.0625,0.0,5.548452245346285e-06
0.2677266818698678,0.4432507428056063,4.6593756461658713e-05
0.2657885846184881,0.4848789962224468,4.9758332114050135e-05
0.2733410742780353,0.5221995768982706,5.3038914511659714e-05
0.2941381054049231,0.5460431543697976,5.5811324313613276e-05
0.3155832743235127,0.5693055149633961,5.857515546799836e-05
0.3498044162961957,0.5854390201652964,6.136798471612411e-05
0.3542481301474525,0.6128614642597403,6.370229756469343e-05
0.3584701633094659,0.6403189125913609,6.603305526877291e-05
0.3630577058515388,0.6636651107730153,6.807651795817806e-05
0.3633400107133967,0.6874560926795567,6.997476346543087e-05
0.3821730698709604,0.7095154935063958,7.252715826744038e-05
0.4050938781112485,0.7117024229982734,7.369890836532553e-05
0.4268769967392607,0.7191617697410152,7.526401373714802e-05
0.4341580158957581,0.7463421847607588,7.769755380094197e-05
0.4628459731176006,0.7421831490618007,7.871188309825088e-05
0.4914100087207082,0.7372442891152264,7.973337082488475e-05
0.5078582354756257,0.764594772081222,8.260174377922722e-05
0.5234186375227801,0.784100569822676,8.484322546190465e-05
0.5480230108001748,0.7799500188922308,8.578697500902353e-05
0.5634248012512363,0.7602691452313776,8.515919822592628e-05
0.6007847168361852,0.7605386145339552,8.722272057014224e-05
0.6126046210205816,0.7897651185753682,8.99494293328944e-05
0.2972877793021204,0.5223042581440865,5.408099029779851e-05
0.195683276446132,0.270893192688403,3.0065621746679024e-05
0.224271517201031,0.4313969611215512,4.375103593000404e-05
0.2432613626605282,0.4473602108143307,4.581729443895407e-05
0.242741307284395,0.4721628137772328,4.776389568476894e-05
0.2473844382472265,0.5036982864545397,5.049658597417829e-05
0.2503374493342366,0.538915219072383,5.3473320624466926e-05
0.2668539965826766,0.5620622085275578,5.598244694647718e-05
0.2903888145646345,0.5709023178355208,5.764065848505528e-05
0.3143242976719273,0.5948605149597979,6.054404868665412e-05
0.3268079600722489,0.617194373115077,6.284061454049194e-05
0.3333518501757468,0.6414727265097185,6.505524825765004e-05
0.3347270186060578,0.6665798938734424,6.71228042180079e-05
0.3381400952082881,0.7018180403401924,7.01071506076301e-05
0.3566660864170344,0.7256340111542796,7.276195257235405e-05
0.3782514897161614,0.7315509396733034,7.411512512827427e-05
0.4033939389679417,0.7346644855776575,7.54259488794722e-05
0.3997748719585988,0.7578113291610321,7.710457191539793e-05
0.4092379887721481,0.779243161422051,7.92080253136752e-05
0.4387073856802608,0.7749708365290717,8.014065394413302e-05
0.4673953429021033,0.7708118008301137,8.111825757575999e-05
0.5014067736196232,0.7958513189438383,8.465342741777933e-05
0.5323650572391446,0.8103278859579159,8.725351403883239e-05
0.5635407287670624,0.8012836311896561,8.8159804921814e-05
0.5877852522924732,0.8090169943749473,8.999519875731339e-05
0.5781600438069942,0.780453905917991,8.740986634676482e-05
0.2304965483811366,0.4087032207509947,4.222570234244604e-05
0.2019110887742186,0.3842870826659678,3.905856981812976e-05
0.2099056707340365,0.361791882024948,3.763917348443597e-05
0.1876270174105232,0.3301248921448414,3.415891373350554e-05
0.1688380599270032,0.3076043366279012,3.156572945648592e-05
0.1486337639968142,0.2945544943582458,2.9665459998594426e-05
0.1466887410084856,0.25647888848123,2.6579449497680214e-05
0.138005650210553,0.2219519241649135,2.3488911467760547e-05
0.1483549234667181,0.1987867620940365,2.2312955656827184e-05
0.135370017602486,0.1654679810538818,1.9226347913141302e-05
0.1049388513714565,0.1557521245079982,1.6862555738452922e-05
0.1004022853708156,0.1164918307672453,1.3810939115485982e-05
0.08557554388444652,0.0984211570280662,1.1718727979075013e-05
0.07643025750243655,0.07643025750243655,9.688993508105084e-06
0.07104533677562759,0.04940498767311079,7.75548447850717e-06
0.04402006694630184,0.04402006694630184,5.543790411804752e-06
0.03912507611879063,0.021577777330495,3.920089859949422e-06
0.03125,0.0,2.716983871740326e-06
0.2048648765257129,0.4534800316587111,4.476859543308675e-05
0.2099714827917923,0.4790116943364627,4.7060449566323e-05
0.215517881155246,0.5044514406371067,4.935407532028769e-05
0.2258877900823693,0.5287958817662581,5.1743412476441365e-05
0.2270488184730363,0.5552314418723656,5.397580564696773e-05
0.2344136967210737,0.581416407476631,5.6410209505272496e-05
0.2613299268296715,0.5896674097656694,5.8039091534440236e-05
0.2887632478331703,0.5959900184639598,5.959582993854872e-05
0.2990980224744586,0.6217413183208804,6.20886854120216e-05
0.3039633977794669,0.6490591720862968,6.44951809555307e-05
0.295895853798101,0.6712788568683405,6.601228508845223e-05
0.3167568306665401,0.686104804407419,6.80075964358085e-05
0.3121887318312038,0.7211999623320826,7.072137010594745e-05
0.3338029067765192,0.7453238012194258,7.349627630413944e-05
0.3348861460408265,0.7234627192716592,7.174644558411953e-05
0.2069897212561027,0.4076142103225383,4.1130580693417526e-05
0.1771737236034813,0.3901874822839351,3.8552542042697754e-05
0.185608131203637,0.3668468714561287,3.6988999292005676e-05
0.162011176868372,0.3591587578071185,3.5443834868858256e-05
0.1556022810481637,0.3276873173520866,3.2627776294623254e-05
0.1364025033695621,0.3126891102872396,3.069339186004179e-05
0.1114668367373279,0.2860601200190129,2.7618987058700883e-05
0.1304345584761894,0.2728849883459679,2.721600610805995e-05
0.1187289566763656,0.2529767626824659,2.5129960988755853e-05
0.09932699192136082,0.2325420327196164,2.2726026110152223e-05
0.1145010791531832,0.212034106184742,2.1674999399170923e-05
0.125032120045608,0.1887978166401345,2.0375589310563683e-05
0.1032289575149278,0.190458158055815,1.9488473389434695e-05
0.0886911189644107,0.1741245766899607,1.7572900795789757e-05
0.08205571549730144,0.1385040443962964,1.4475055581977593e-05
0.06511534131768978,0.1097243257616008,1.143628136424011e-05
0.05560248338217326,0.08967605683580093,9.46880884709489e-06
0.05278544285901143,0.06766488158972697,7.673464360677117e-06
0.02759251938706163,0.0665577766491176,6.403009667441096e-06
0.02019061943633366,0.04390678819773609,4.261008082320227e-06
0.01731257648060447,0.01731257648060447,2.0898234068556294e-06
0.0,0.0,-2.4761683877958483e-08
0.2007646900759972,0.4303079506930947,4.272466897570866e-05
0.3556464745313525,0.7475689752604011,7.45030565008589e-05
0.3766794656982938,0.7538773459934538,7.583978948215614e-05
0.3842344662158183,0.7777583582789271,7.807006841008602e-05
0.3956201405709331,0.7972952409132085,8.010216165576726e-05
0.4073344524486534,0.8166368608251471,8.212579854034037e-05
0.4424753157784933,0.8037127774914059,8.256324749917654e-05
0.4719945848091446,0.8001833982624355,8.360538736991022e-05
0.488096250281459,0.8144012305153049,8.545068210834132e-05
0.5061636126697403,0.8260193543433407,8.718304812759496e-05
0.5358267949789965,0.8443279255020151,8.999504245476497e-05
0.561806023635735,0.8266724599384812,8.995011201401531e-05
0.1844848296654412,0.4843383949160249,4.663447773437251e-05
0.1900312280288949,0.5097781412166689,4.895421328501691e-05
0.1956733338262374,0.535656870200789,5.1314198981381275e-05
0.201657872780574,0.560997125135404,5.3647391161149386e-05
0.2077456796267558,0.5867746459523004,5.60127098311067e-05
0.2386168488729908,0.6082906956959089,5.8799837620157375e-05
0.2724228964424653,0.6293816496215854,6.171468590045922e-05
0.2772882717474736,0.6566995033870017,6.415009296157166e-05
0.2617939581276391,0.6869646603620664,6.615504933369985e-05
0.2915915758694927,0.6945226269846094,6.778560622423437e-05
0.2908359905882941,0.7204059181139456,6.991766434708657e-05
0.2868707828325235,0.7414022795192127,7.154214333418067e-05
0.3098900584510673,0.748710105646467,7.29241205424872e-05
0.3295252596621019,0.7667664654473351,7.510782916187139e-05
0.3510500422163262,0.7706096217048539,7.62062961558855e-05
0.3699692027105677,0.798346778269895,7.918708641636915e-05
0.3817652908786197,0.8215604910740542,8.152853388329538e-05
0.3925085376465703,0.8542555958458427,8.460611361653103e-05
0.4198747010282786,0.8519165202785088,8.547087366581682e-05
0.4488861717911051,0.8304199615386466,8.495047625184089e-05
0.4289192064604112,0.8210898488210661,8.337119806899846e-05
0.179111970914479,0.4586308888834808,4.430367678888507e-05
0.1733633074597572,0.4311252708705632,4.1801989572106416e-05
0.1456270375986787,0.4042406373840171,3.865806295446482e-05
0.1546186095385462,0.3819902612817948,3.707310203904575e-05
0.1329316078721982,0.3579933966362575,3.43519141686128e-05
0.1236019270926145,0.3304264516438785,3.173517849307969e-05
0.1148455764290515,0.3089787285945598,2.966092159787205e-05
0.08912131100166887,0.2921720739243168,2.7480830208370767e-05
0.09214059910380828,0.2623080898443901,2.4999678492211595e-05
0.06332378028433389,0.2519517704398406,2.3347431269308235e-05
0.073448890705375,0.2236597653364365,2.1171745472739434e-05
0.08266787457672994,0.1978996967652776,1.9273781434986204e-05
0.05972752344107561,0.18713402815159,1.7651824603092366e-05
0.06691787589569434,0.1628346832529056,1.579570334254343e-05
0.0612091489885493,0.1313991936993261,1.3038366040381231e-05
0.0392948819378644,0.1335953581424704,1.2504735522190914e-05
0.03378894308910321,0.09374999999999999,8.913526081527256e-06
5.740531871003218e-18,0.09375,8.337838677478035e-06
3.827021247335479e-18,0.0625,5.561815506945722e-06
1.913510623667739e-18,0.03125,2.7253728312374153e-06
0.4762846361574219,0.8323426952475363,8.630204513681598e-05
0.4864529874061793,0.8533999327359564,8.840165000502858e-05
0.5087902345403559,0.8603173027729394,8.995009534290366e-05
0.1646402823364326,0.5155438244797073,4.869684609851457e-05
0.1703572765478357,0.5407203530754459,5.101459147626726e-05
0.1763701949799568,0.5672000742807239,5.345026155495776e-05
0.1823547339342935,0.592540329215339,5.5789333074275535e-05
0.1879011322977472,0.6179800755159829,5.8123302641686145e-05
0.2182307318023822,0.6391582501369774,6.077421397521272e-05
0.2133844185139451,0.6137918948350618,5.847962312937661e-05
0.1534517781756362,0.4642253491949431,4.399325708745589e-05
0.1465107956054248,0.4310786428770182,4.097041463583682e-05
0.1237114032132464,0.4164488021504811,3.9095826929051084e-05
0.1233325417813421,0.3946610214753173,3.7201427896709e-05
0.1092454446345094,0.3749033070659239,3.5135043281797933e-05
0.09923440851589693,0.3471164304736222,3.247561347030769e-05
0.0925000506933925,0.3150906824998637,2.9539056046722537e-05
0.06596266733572966,0.292768500363714,2.699427845897565e-05
0.05059170343967713,0.2766294799694604,2.5310426344276963e-05
0.03121037399658609,0.265625,2.4044266911530278e-05
0.02666278153921963,0.2357253536880047,2.1323257237629823e-05
0.04781123580296607,0.2141056328527363,1.9721221968695014e-05
0.0353364767122829,0.180261170638102,1.649567147837078e-05
0.02601643387152645,0.1559698112989008,1.418464107268803e-05
7.654042494670958e-18,0.125,1.1223122349789919e-05
0.02264520905929259,0.1155929629633905,1.0590997508808106e-05
0.1588246369265984,0.4899328552274873,4.634427367390077e-05
0.2467158323602849,0.6329479006606082,6.113463758942638e-05
0.2496155616578812,0.6587386521075771,6.338785420384311e-05
0.2288779098574155,0.6851331903187667,6.500268708014907e-05
0.2465594024795178,0.7136653943737262,6.794872898049193e-05
0.2696592746748606,0.7232549123099282,6.946524964381033e-05
0.2663713556923017,0.7594276970638096,7.242404301931021e-05
0.2996655645105484,0.7705904871872208,7.440470356037129e-05
0.3261181660199756,0.7883645632094095,7.677786494181517e-05
0.3481446357841159,0.792912199591727,7.7935822032294e-05
0.3517950956631299,0.8198100515081167,8.028374167695029e-05
0.3673469861243912,0.8432431257441452,8.277574411071665e-05
0.3783944197300926,0.8713176183815965,8.548930359747608e-05
0.3982526241131325,0.8811141818735677,8.70202216375264e-05
0.4247798709247481,0.8781538538629559,8.77886426056417e-05
0.4534164178468676,0.8575096205476094,8.729255880195483e-05
0.4817536741017152,0.8763066800438637,8.999553571457845e-05
0.1332647976896336,0.4959692528081308,4.6211583359170555e-05
0.1278919389386715,0.4702617467755866,4.3853610251118466e-05
0.1205688024962401,0.4380120807385599,4.087203081121878e-05
0.103414047252002,0.4085198511658829,3.791421563464421e-05
0.0792739064660847,0.3784667435689185,3.478152118472626e-05
0.06982153953902448,0.3498024113881676,3.2081618096754565e-05
0.06591306939651373,0.319762835471588,2.9369440365755792e-05
0.03687262326081843,0.2941942557843101,2.6656496250766276e-05
1.722159561300965e-17,0.28125,2.5279584597715532e-05
1.530808498934192e-17,0.25,2.2476301214796276e-05
1.339457436567418e-17,0.21875,1.9672280676774568e-05
1.148106374200644e-17,0.1875,1.6830654927593928e-05
0.02161053954194619,0.203125,1.8370859546458307e-05
0.1392493366439703,0.5213095077427458,4.855636397799763e-05
0.145337143490152,0.5470870285596421,5.093231078003128e-05
0.1509792492874945,0.5729657575437624,5.332200778449412e-05
0.1565256476509483,0.5984055038444064,5.566059498700928e-05
0.1607209586142106,0.6266136578219972,5.8213567924867636e-05
0.1885025628685513,0.6494255946303606,6.085465870049368e-05
0.1954418909844066,0.6821743913220282,6.385779639056045e-05
0.2095114062083845,0.6620835168850006,6.249050108203424e-05
9.567553118338696e-18,0.15625,1.4045645871448355e-05
0.2166097602509632,0.7124805386007288,6.70164405018466e-05
0.2280314608001031,0.7427963349613154,6.992518772154738e-05
0.239242898038254,0.762459029451864,7.191409253472701e-05
0.2488826946035311,0.7918523677275376,7.469937120150441e-05
0.2718621738666065,0.7861670520768059,7.48597705841947e-05
0.2805375752513067,0.808339356315493,7.70009871556155e-05
0.3043000995045956,0.8098280152927012,7.785476012578575e-05
0.3261202727618863,0.8312893256167032,8.036461093699508e-05
0.3456426945487168,0.8405015448254081,8.179002685994867e-05
0.3397722766038379,0.8612747999464667,8.332059951886463e-05
0.362330786338334,0.8865583736065186,8.619424149739417e-05
0.3825393329625399,0.898666563464742,8.790018596491086e-05
0.3969519221248754,0.9173017691771355,8.994959681065517e-05
0.4257792915650727,0.9048270524660196,8.999502547038633e-05
0.4537664828333939,0.8905668662549416,8.994965163100965e-05
0.2503756243626531,0.739182993811679,7.023609786378859e-05
0.3319278806134238,0.8098266593246981,7.876479032066882e-05
0.113961658843353,0.5275124568880656,4.8558528664012176e-05
0.1074280181959821,0.501836174383312,4.617325841006332e-05
0.1022317461998288,0.4758562070870491,4.3788679900260713e-05
0.08429784391262088,0.4438018869256223,4.063833478737559e-05
0.06933093611708055,0.4069646122704729,3.714057932191963e-05
0.04058876948230047,0.3781347224030139,3.420447397524441e-05
0.04226719555731118,0.350619413030646,3.1772110937266806e-05
0.03914235958301124,0.3232306422645069,2.928317815918567e-05
1.913510623667739e-17,0.3125,2.8085541639873757e-05
0.1069810608739574,0.5557967877885615,5.092592300256803e-05
0.1254925961611434,0.5782924581233246,5.324135785079731e-05
0.1302889932757911,0.6048894049640747,5.568234808779896e-05
0.1347182153837182,0.6383251021988031,5.870630087196524e-05
0.1613880540022312,0.6653625265823531,6.160610079558952e-05
0.1638033000414552,0.6914536843556838,6.394527261824316e-05
0.1940259016115552,0.7057090259771824,6.586612855937778e-05
0.2055316585336358,0.7403312228860703,6.914629934939681e-05
0.2105620903612279,0.7694105467725392,7.178428314147186e-05
0.2269994148368581,0.8008801774233658,7.491324716338694e-05
0.256259647070497,0.8143459191045589,7.682849585558667e-05
0.2832013769018105,0.8319989806828691,7.909471722478392e-05
0.3046549752516151,0.8312903791307905,7.967789946732933e-05
0.3131852732436025,0.8552789945827205,8.196967547523342e-05
0.318726099705364,0.8866236523394195,8.479067073866499e-05
0.340529520536766,0.8873107680633411,8.553519286584822e-05
0.3629306144632054,0.9084753700884112,8.804340033455065e-05
0.3681245526846781,0.9297764858882513,8.99925460752888e-05
0.08553232977783759,0.5193419428011478,4.7362936470829225e-05
0.06619374184565424,0.4969588449737893,4.510036215639814e-05
0.07544353046097729,0.4697997722089326,4.281847854278305e-05
0.05052731432105773,0.4582468037950171,4.148145085444408e-05
0.06045354956802999,0.4320306249187646,3.925605714986513e-05
0.03963587779842476,0.4010472961655345,3.626369225340909e-05
0.01920869537837394,0.390625,3.51942499759047e-05
0.0191523884789401,0.359375,3.238176183973256e-05
2.104861686034513e-17,0.34375,3.093356183083826e-05
0.02142887990299172,0.3370340366178221,3.0386948313103554e-05
0.08381419850595812,0.5503117146759198,5.0089903630819674e-05
0.08432651235240203,0.5741135438819196,5.2212735646820466e-05
0.0890502596101797,0.5959459851442055,5.421234464542452e-05
0.1042919631207229,0.6122757050965875,5.588903269273775e-05
0.1063429220120352,0.6406740961445382,5.844392423274597e-05
0.1224049743932571,0.6675214286471607,6.1069630219473e-05
0.1378668429099149,0.6951795559109835,6.377517744045418e-05
0.1728373867585768,0.7160497654372371,6.628655253161398e-05
0.1854848721990403,0.749980801987227,6.952827849640233e-05
0.171442184571736,0.7672374222639893,7.074644476814152e-05
0.1935070043661236,0.793494490879886,7.349857709416325e-05
0.2058574780391267,0.8171209780910419,7.583420317023016e-05
0.2327677796341256,0.8367375537402622,7.815887179282002e-05
0.2585376530667396,0.8402547548360688,7.911758550546125e-05
0.288713953527552,0.8672778670710809,8.225954303747706e-05
0.293949192638129,0.8921087744133255,8.453114924257233e-05
0.300009582379466,0.916751285733545,8.680685399941495e-05
0.3223045191109555,0.9236721871905632,8.804393992453012e-05
0.3385707735298128,0.9404165010917025,8.994962874789828e-05
0.3405621776842331,0.9091249886884286,8.737139647877727e-05
0.06308406002453956,0.5386048407306663,4.879868727747377e-05
0.05894647796991898,0.5706311159971056,5.162231353002812e-05
0.04790319223615168,0.593746463483815,5.360117717967526e-05
0.07323542153858728,0.6117212878796789,5.543533978168762e-05
0.07792456356139925,0.6424267939100836,5.822861791388953e-05
0.1010258298485211,0.6622676127922937,6.0291777362781706e-05
0.116536859866697,0.6889528401263394,6.288035272834856e-05
0.1083053009355083,0.7190159763809121,6.543166816902413e-05
0.1423012007983427,0.7274830353535089,6.67049425480962e-05
0.1649381596722233,0.7414473019131221,6.835991642308443e-05
0.1511551853267845,0.7586384249518333,6.961788487316305e-05
0.165177233677705,0.7881530451072156,7.247215134044714e-05
0.163395715752735,0.809913998268962,7.435408103024179e-05
0.1831823942581352,0.822026376870322,7.579469638932153e-05
0.1968653500369406,0.8422185224306532,7.783506087376636e-05
0.217924631020749,0.8598370537451777,7.982520553032734e-05
0.2530090552661247,0.8668924244837312,8.126833923054531e-05
0.2706783892155225,0.8840477470404388,8.320446699215138e-05
0.2649374773152023,0.9114664242308449,8.541828598491191e-05
0.2747688258283671,0.9348161853784712,8.768720447470577e-05
0.3090169943749475,0.9510565162951535,8.99935200639662e-05
0.03387816027181304,0.515484956577661,4.6476766915911094e-05
0.02832622820404713,0.4828295490625476,4.351466631799493e-05
0.02310732099054435,0.453125,4.0826807370291775e-05
0.03524849258801472,0.4235560697882716,3.8234857928594635e-05
2.487563810768061e-17,0.40625,3.654296751299797e-05
2.296212748401287e-17,0.375,3.37432993261856e-05
0.0353603091931674,0.5606328115576749,5.0546390034183926e-05
0.02368899049138233,0.5836072371076688,5.2561459720687415e-05
0.02343149269439985,0.609375,5.4879026495814265e-05
0.03918426670116296,0.6327207830449004,5.7042192063086023e-05
0.05682544615931021,0.6589969812372497,5.9524403958576226e-05
0.07931486340910063,0.6659151241038485,6.035330859855422e-05
0.09501004832464988,0.6834449774810035,6.209623207913946e-05
0.08455628363505109,0.7076224063202823,6.413158008352928e-05
0.0962277238867068,0.7430227914340229,6.742653666138836e-05
0.1176508360280918,0.738759075883132,6.732239383553313e-05
0.1291602352693836,0.7573241703678315,6.914058169297972e-05
0.1435155354289203,0.7854174066802097,7.185380458386522e-05
0.1347455342406388,0.8202876753901448,7.480575605579519e-05
0.1675151669710461,0.8391366179788932,7.700749371113815e-05
0.1856563928203079,0.8681726261846875,7.989617638950844e-05
0.2112228936025344,0.8864639701421844,8.200929130399726e-05
0.2313498954751854,0.9134243668127086,8.479794414716656e-05
0.2496323056980899,0.937981957792697,8.735378243131645e-05
0.2788534407699011,0.9598198387118924,8.994872403616957e-05
0.03791265836722902,0.5379507649933519,4.8531333326859604e-05
0.01690438018460389,0.546875,4.9238044009078464e-05
3.252968060235157e-17,0.53125,4.7800882678767077e-05
3.061616997868383e-17,0.5,4.498450123730047e-05
2.870265935501609e-17,0.46875,4.2179340392380566e-05
2.678914873134835e-17,0.4375,3.9355444267606744e-05
0.237384344380863,0.8879264125602989,8.271520162692089e-05
3.444319122601931e-17,0.5625,5.061285938651084e-05
3.635670184968705e-17,0.59375,5.343074399746132e-05
3.827021247335478e-17,0.625,5.624389908380221e-05
0.01834936721423635,0.6424157569984178,5.7839221005345175e-05
0.03017943400608849,0.6621169010334741,5.964434808142038e-05
0.05060638755359937,0.6850942449494332,6.182184878494698e-05
0.05507251938929712,0.7109994672570034,6.417440485921902e-05
0.07224042595024803,0.7309064976908205,6.609660698037433e-05
0.06724974150588653,0.7585881858123389,6.853406728254697e-05
0.08698833689099375,0.7682582578316834,6.9579875946808e-05
0.1077528840818213,0.7615515923701373,6.921851307739619e-05
0.1220332149224535,0.7775497980180476,7.08296754681815e-05
0.1144118212544885,0.7975943681413663,7.251158160994635e-05
0.09647478151529225,0.8180060421220373,7.412330019238571e-05
0.111859570107419,0.8404043034222872,7.629352836696514e-05
0.142018137403543,0.8455540899974966,7.716110670863493e-05
0.1574154761289432,0.8668661622583298,7.92886958213612e-05
0.1775479671750172,0.8952560095980328,8.213581954908387e-05
0.1994988138024102,0.9104450714788225,8.387883187331635e-05
0.2065721256761474,0.936184448464574,8.627827454642379e-05
0.2290383245373843,0.9526628428774674,8.817860684663571e-05
0.2486898871648547,0.9685831611286311,8.99945887637136e-05
0.07295636335387815,0.6882581690855591,6.228629321354498e-05
4.018372309702252e-17,0.65625,5.905372197738591e-05
4.209723372069026e-17,0.6875,6.1865487217963e-05
0.02575286123746025,0.6957561261164501,6.265319234792518e-05
0.03130227758146191,0.7222245499193051,6.505551854168255e-05
0.04654465139672113,0.7512110804038721,6.773360910258099e-05
0.06146730741927678,0.7797939844690813,7.039360220252515e-05
0.09233143919354746,0.796277975577982,7.213844859005942e-05
0.07228496312480122,0.8056275722838963,7.279145798677442e-05
0.07118952675468085,0.834812994147954,7.53951418593323e-05
0.08309963070743111,0.8614801697400312,7.788406297760558e-05
0.1050299199590335,0.8612453353710763,7.8084944819801e-05
0.125157699744398,0.8699553993634739,7.909615269317546e-05
0.1437794705331393,0.8944414306486586,8.152328504217065e-05
0.1581120545929042,0.9241272051013775,8.4372470971867e-05
0.1826503992226989,0.9289166811608441,8.52017134508777e-05
0.1984596452329697,0.9598531338851511,8.820856006105926e-05
0.2180356008752897,0.9754352059286598,8.99493079435834e-05
4.401074434435801e-17,0.71875,6.467793448587427e-05
0.02342157922601487,0.7448693781831401,6.706557522608315e-05
0.01569547421098681,0.765625,6.891400261818006e-05
0.03349811091450135,0.78125,7.036907156935253e-05
0.04842206972016362,0.798566552436995,7.199858966036951e-05
0.03655384109254087,0.8181045329871639,7.369202752920111e-05
0.04843687655528196,0.853124349617383,7.690014120881679e-05
0.06028458278003451,0.8800503719861369,7.938441265165433e-05
0.08165790617133924,0.8833416841542517,7.983704603975658e-05
0.1014523475584458,0.8920498285461229,8.079225559726198e-05
0.1241151951713608,0.9180984031917296,8.33741196707303e-05
0.1294611317521405,0.9522093085603685,8.648008359667365e-05
0.1673078579789555,0.955944337702301,8.733599153563728e-05
0.1873813145857247,0.9822872507286886,8.999514951783666e-05
4.592425496802574e-17,0.75,6.749863142689434e-05
4.783776559169348e-17,0.78125,7.030658484235459e-05
4.975127621536122e-17,0.8125,7.311589229451125e-05
0.02558990694540545,0.841350852954772,7.575190514794654e-05
0.02984908398735971,0.8810251036200767,7.933188307948419e-05
0.04690705253989393,0.90625,8.166710288771426e-05
0.0739777078314884,0.903557179251771,8.158857066192285e-05
0.09569347859883699,0.9199430561425082,8.323677929476479e-05
0.1108785136472039,0.9378540213878409,8.499427323225699e-05
0.1072987235340647,0.9699541991509735,8.782190678457619e-05
0.1253332335643045,0.9921147013144778,8.999616115198943e-05
0.1563572740750146,0.9872009760215832,8.99501878734907e-05
0.1471649904168272,0.9664339559003821,8.797806503143596e-05
0.02048777073008647,0.8008826767643902,7.209836527870019e-05
5.166478683902896e-17,0.84375,7.59337776602362e-05
5.35782974626967e-17,0.875,7.874132005587614e-05
5.549180808636444e-17,0.90625,8.15565831088884e-05
0.02345352626994699,0.921875,8.29873301138867e-05
0.0647430209919091,0.9306107431387602,8.394865392585908e-05
0.06847857542123523,0.9687831405675054,8.740169402909241e-05
0.08958997176513514,0.9477629037655388,8.56745591086668e-05
0.094061876546809,0.9950707148713747,8.994776976289273e-05
5.740531871003217e-17,0.9375,8.437241761171884e-05
0.0218463173499975,0.9448772107598219,8.505897056531438e-05
0.04369263469999497,0.9522544215196438,8.578896855824711e-05
0.04659099385437251,0.982549463245241,8.852690038477174e-05
0.06279051952931353,0.9980267284282716,8.999539314694543e-05
5.931882933369991e-17,0.96875,8.718231736915813e-05
0.02645839628349537,0.9727184467826347,8.757297199758712e-05
0.03139525976465679,0.9990133642141358,8.994986554051791e-05
6.123233995736766e-17,1.0,8.999210366868739e-05
